Name,Author,User Rating,Reviews,Genre,Price,Year
eww,www,2.9,3,w,1,2009
"Act Like a Lady, Think Like a Man: What Men Really Think About Love, Relationships, Intimacy, and Commitment",Steve Harvey,4.6,5013,Non Fiction,17,2009
Arguing with Idiots: How to Stop Small Minds and Big Government,Glenn Beck,4.6,798,Non Fiction,5,2009
"Breaking Dawn (The Twilight Saga, Book 4)",Stephenie Meyer,4.6,9769,Fiction,13,2009
Crazy Love: Overwhelmed by a Relentless God,Francis Chan,4.7,1542,Non Fiction,14,2009
Dead And Gone: A Sookie Stackhouse Novel (Sookie Stackhouse/True Blood),Charlaine Harris,4.6,1541,Fiction,4,2009
Diary of a Wimpy Kid: The Last Straw (Book 3),Jeff Kinney,4.8,3837,Fiction,15,2009
"Divine Soul Mind Body Healing and Transmission System: The Divine Way to Heal You, Humanity, Mother Earth, and All…",Zhi Gang Sha,4.6,37,Non Fiction,6,2009
"Dog Days (Diary of a Wimpy Kid, Book 4) (Volume 4)",Jeff Kinney,4.8,3181,Fiction,12,2009
Eat This Not That! Supermarket Survival Guide: The No-Diet Weight Loss Solution,David Zinczenko,4.5,720,Non Fiction,1,2009
"Eat This, Not That! Thousands of Simple Food Swaps that Can Save You 10, 20, 30 Pounds--or More!",David Zinczenko,4.3,956,Non Fiction,14,2009
Eclipse (Twilight Sagas),Stephenie Meyer,4.7,5505,Fiction,7,2009
Eclipse (Twilight),Stephenie Meyer,4.7,5505,Fiction,18,2009
"Glenn Beck's Common Sense: The Case Against an Out-of-Control Government, Inspired by Thomas Paine",Glenn Beck,4.6,1365,Non Fiction,11,2009
Going Rogue: An American Life,Sarah Palin,4.6,1636,Non Fiction,6,2009
Good to Great: Why Some Companies Make the Leap and Others Don't,Jim Collins,4.5,3457,Non Fiction,14,2009
Have a Little Faith: A True Story,Mitch Albom,4.8,1930,Non Fiction,4,2009
"I, Alex Cross",James Patterson,4.6,1320,Fiction,7,2009
Liberty and Tyranny: A Conservative Manifesto,Mark R. Levin,4.8,3828,Non Fiction,15,2009
"Mastering the Art of French Cooking, Vol. 2",Julia Child,4.8,2926,Non Fiction,27,2009
New Moon (The Twilight Saga),Stephenie Meyer,4.6,5680,Fiction,10,2009
Olive Kitteridge,Elizabeth Strout,4.2,4519,Fiction,12,2009
Outliers: The Story of Success,Malcolm Gladwell,4.6,10426,Non Fiction,20,2009
"Publication Manual of the American Psychological Association, 6th Edition",American Psychological Association,4.5,8580,Non Fiction,46,2009
Sookie Stackhouse,Charlaine Harris,4.7,973,Fiction,25,2009
StrengthsFinder 2.0,Gallup,4.0,5069,Non Fiction,17,2009
"Super Freakonomics: Global Cooling, Patriotic Prostitutes, and Why Suicide Bombers Should Buy Life Insurance",Steven D. Levitt,4.5,1583,Non Fiction,18,2009
The 5000 Year Leap,W. Cleon Skousen,4.8,1680,Non Fiction,12,2009
The 7 Habits of Highly Effective People: Powerful Lessons in Personal Change,Stephen R. Covey,4.6,9325,Non Fiction,24,2009
The Book of Basketball: The NBA According to The Sports Guy,Bill Simmons,4.7,858,Non Fiction,53,2009
The Elegance of the Hedgehog,Muriel Barbery,4.0,1859,Fiction,11,2009
The Five Dysfunctions of a Team: A Leadership Fable,Patrick Lencioni,4.6,3207,Non Fiction,6,2009
The Five Love Languages: How to Express Heartfelt Commitment to Your Mate,Gary Chapman,4.6,803,Non Fiction,9,2009
The Girl Who Played with Fire (Millennium),Stieg Larsson,4.7,7251,Fiction,16,2009
The Girl with the Dragon Tattoo (Millennium Series),Stieg Larsson,4.4,10559,Fiction,2,2009
The Guernsey Literary and Potato Peel Pie Society,Mary Ann Shaffer,4.7,8587,Fiction,10,2009
The Help,Kathryn Stockett,4.8,13871,Fiction,6,2009
The Last Lecture,Randy Pausch,4.7,4028,Non Fiction,9,2009
"The Last Olympian (Percy Jackson and the Olympians, Book 5)",Rick Riordan,4.8,4628,Fiction,7,2009
The Lost Symbol,Dan Brown,4.2,8747,Fiction,19,2009
The Love Dare,Stephen Kendrick,4.8,1655,Non Fiction,13,2009
The Shack: Where Tragedy Confronts Eternity,William P. Young,4.6,19720,Fiction,8,2009
The Time Traveler's Wife,Audrey Niffenegger,4.4,3759,Fiction,6,2009
The Tipping Point: How Little Things Can Make a Big Difference,Malcolm Gladwell,4.4,3503,Non Fiction,9,2009
The Twilight Saga Collection,Stephenie Meyer,4.7,3801,Fiction,82,2009
Three Cups of Tea: One Man's Mission to Promote Peace - One School at a Time,Greg Mortenson,4.3,3319,Non Fiction,11,2009
True Compass: A Memoir,Edward M. Kennedy,4.5,438,Non Fiction,15,2009
"Twilight (The Twilight Saga, Book 1)",Stephenie Meyer,4.7,11676,Fiction,9,2009
Under the Dome: A Novel,Stephen King,4.3,6740,Fiction,20,2009
Watchmen,Alan Moore,4.8,3829,Fiction,42,2009
Where the Wild Things Are,Maurice Sendak,4.8,9967,Fiction,13,2009
A Patriot's History of the United States: From Columbus's Great Discovery to the War on Terror,Larry Schweikart,4.6,460,Non Fiction,2,2010
"Autobiography of Mark Twain, Vol. 1",Mark Twain,4.2,491,Non Fiction,14,2010
"Barefoot Contessa, How Easy Is That?: Fabulous Recipes & Easy Tips",Ina Garten,4.7,615,Non Fiction,21,2010
"Broke: The Plan to Restore Our Trust, Truth and Treasure",Glenn Beck,4.5,471,Non Fiction,8,2010
Catching Fire (The Hunger Games),Suzanne Collins,4.7,22614,Fiction,11,2010
Crazy Love: Overwhelmed by a Relentless God,Francis Chan,4.7,1542,Non Fiction,14,2010
Cutting for Stone,Abraham Verghese,4.6,4866,Fiction,11,2010
"Dead in the Family (Sookie Stackhouse/True Blood, Book 10)",Charlaine Harris,4.3,1924,Fiction,8,2010
Decision Points,George W. Bush,4.6,2137,Non Fiction,17,2010
"Delivering Happiness: A Path to Profits, Passion, and Purpose",Tony Hsieh,4.6,1651,Non Fiction,15,2010
Drive: The Surprising Truth About What Motivates Us,Daniel H. Pink,4.5,2525,Non Fiction,16,2010
Food Rules: An Eater's Manual,Michael Pollan,4.4,1555,Non Fiction,9,2010
"Game Change: Obama and the Clintons, McCain and Palin, and the Race of a Lifetime",John Heilemann,4.4,1215,Non Fiction,9,2010
George Washington's Sacred Fire,Peter A. Lillback,4.5,408,Non Fiction,20,2010
Good to Great: Why Some Companies Make the Leap and Others Don't,Jim Collins,4.5,3457,Non Fiction,14,2010
Life,Keith Richards,4.5,2752,Non Fiction,18,2010
Little Bee: A Novel,Chris Cleave,4.1,1467,Fiction,10,2010
Mockingjay (The Hunger Games),Suzanne Collins,4.5,26741,Fiction,8,2010
Outliers: The Story of Success,Malcolm Gladwell,4.6,10426,Non Fiction,20,2010
Percy Jackson and the Olympians Paperback Boxed Set (Books 1-3),Rick Riordan,4.8,548,Fiction,2,2010
"Publication Manual of the American Psychological Association, 6th Edition",American Psychological Association,4.5,8580,Non Fiction,46,2010
Radical: Taking Back Your Faith from the American Dream,David Platt,4.7,1985,Non Fiction,9,2010
Sarah's Key,Tatiana de Rosnay,4.6,3619,Fiction,10,2010
Sh*t My Dad Says,Justin Halpern,4.7,1265,Non Fiction,11,2010
StrengthsFinder 2.0,Gallup,4.0,5069,Non Fiction,17,2010
Switch: How to Change Things When Change Is Hard,Chip Heath,4.6,1907,Non Fiction,13,2010
Teach Like a Champion: 49 Techniques that Put Students on the Path to College,Doug Lemov,4.4,637,Non Fiction,20,2010
The 5 Love Languages: The Secret to Love That Lasts,Gary Chapman,4.7,3477,Non Fiction,28,2010
The Art of Racing in the Rain: A Novel,Garth Stein,4.7,11813,Fiction,10,2010
The Big Short: Inside the Doomsday Machine,Michael Lewis,4.7,3536,Non Fiction,17,2010
The Confession: A Novel,John Grisham,4.3,3523,Fiction,13,2010
The Daily Show with Jon Stewart Presents Earth (The Book): A Visitor's Guide to the Human Race,Jon Stewart,4.4,440,Non Fiction,11,2010
The Five Dysfunctions of a Team: A Leadership Fable,Patrick Lencioni,4.6,3207,Non Fiction,6,2010
The Girl Who Kicked the Hornet's Nest (Millennium Trilogy),Stieg Larsson,4.7,7747,Fiction,14,2010
The Girl Who Played with Fire (Millennium Series),Stieg Larsson,4.7,7251,Fiction,9,2010
The Girl with the Dragon Tattoo (Millennium Series),Stieg Larsson,4.4,10559,Fiction,2,2010
The Help,Kathryn Stockett,4.8,13871,Fiction,6,2010
The Hunger Games,Suzanne Collins,4.7,32122,Fiction,14,2010
The Immortal Life of Henrietta Lacks,Rebecca Skloot,4.7,9289,Non Fiction,13,2010
"The Last Olympian (Percy Jackson and the Olympians, Book 5)",Rick Riordan,4.8,4628,Fiction,7,2010
"The Lost Hero (Heroes of Olympus, Book 1)",Rick Riordan,4.8,4506,Fiction,14,2010
The Official SAT Study Guide,The College Board,4.4,1201,Non Fiction,40,2010
"The Red Pyramid (The Kane Chronicles, Book 1)",Rick Riordan,4.6,2186,Fiction,12,2010
"The Road to Serfdom: Text and Documents--The Definitive Edition (The Collected Works of F. A. Hayek, Volume 2)",F. A. Hayek,4.6,1204,Non Fiction,14,2010
The Short Second Life of Bree Tanner: An Eclipse Novella (The Twilight Saga),Stephenie Meyer,4.6,2122,Fiction,0,2010
"The Ugly Truth (Diary of a Wimpy Kid, Book 5)",Jeff Kinney,4.8,3796,Fiction,12,2010
Three Cups of Tea: One Man's Mission to Promote Peace - One School at a Time,Greg Mortenson,4.3,3319,Non Fiction,11,2010
"Towers of Midnight (Wheel of Time, Book Thirteen)",Robert Jordan,4.8,2282,Fiction,21,2010
"Unbroken: A World War II Story of Survival, Resilience, and Redemption",Laura Hillenbrand,4.8,29673,Non Fiction,16,2010
Women Food and God: An Unexpected Path to Almost Everything,Geneen Roth,4.2,1302,Non Fiction,11,2010
11/22/63: A Novel,Stephen King,4.6,2052,Fiction,22,2011
A Dance with Dragons (A Song of Ice and Fire),George R. R. Martin,4.4,12643,Fiction,11,2011
A Stolen Life: A Memoir,Jaycee Dugard,4.6,4149,Non Fiction,32,2011
"Cabin Fever (Diary of a Wimpy Kid, Book 6)",Jeff Kinney,4.8,4505,Fiction,0,2011
Catching Fire (The Hunger Games),Suzanne Collins,4.7,22614,Fiction,11,2011
Crazy Love: Overwhelmed by a Relentless God,Francis Chan,4.7,1542,Non Fiction,14,2011
Cutting for Stone,Abraham Verghese,4.6,4866,Fiction,11,2011
"Dead Reckoning (Sookie Stackhouse/True Blood, Book 11)",Charlaine Harris,4.2,2094,Fiction,4,2011
"Eat to Live: The Amazing Nutrient-Rich Program for Fast and Sustained Weight Loss, Revised Edition",Joel Fuhrman MD,4.5,6346,Non Fiction,9,2011
Game of Thrones Boxed Set: A Game of Thrones/A Clash of Kings/A Storm of Swords/A Feast for Crows,George R.R. Martin,4.6,5594,Fiction,5,2011
Go the F**k to Sleep,Adam Mansbach,4.8,9568,Fiction,9,2011
Good to Great: Why Some Companies Make the Leap and Others Don't,Jim Collins,4.5,3457,Non Fiction,14,2011
Heaven is for Real: A Little Boy's Astounding Story of His Trip to Heaven and Back,Todd Burpo,4.7,15779,Non Fiction,10,2011
"In the Garden of Beasts: Love, Terror, and an American Family in Hitler's Berlin",Eric Larson,4.4,4571,Non Fiction,21,2011
Inheritance: Book IV (Inheritance Cycle),Christopher Paolini,4.6,5299,Fiction,20,2011
Jesus Calling: Enjoying Peace in His Presence (with Scripture References),Sarah Young,4.9,19576,Non Fiction,8,2011
Killing Lincoln: The Shocking Assassination that Changed America Forever (Bill O'Reilly's Killing Series),Bill O'Reilly,4.7,9342,Non Fiction,10,2011
"Love Wins: A Book About Heaven, Hell, and the Fate of Every Person Who Ever Lived",Rob Bell,4.2,1649,Non Fiction,13,2011
Mockingjay (The Hunger Games),Suzanne Collins,4.5,26741,Fiction,8,2011
One Thousand Gifts: A Dare to Live Fully Right Where You Are,Ann Voskamp,4.6,3163,Non Fiction,13,2011
"Publication Manual of the American Psychological Association, 6th Edition",American Psychological Association,4.5,8580,Non Fiction,46,2011
Radical: Taking Back Your Faith from the American Dream,David Platt,4.7,1985,Non Fiction,9,2011
Steve Jobs,Walter Isaacson,4.6,7827,Non Fiction,20,2011
StrengthsFinder 2.0,Gallup,4.0,5069,Non Fiction,17,2011
Teach Like a Champion: 49 Techniques that Put Students on the Path to College,Doug Lemov,4.4,637,Non Fiction,20,2011
The 17 Day Diet: A Doctor's Plan Designed for Rapid Results,Mike Moreno,4.3,2314,Non Fiction,22,2011
"The 4 Hour Body: An Uncommon Guide to Rapid Fat Loss, Incredible Sex and Becoming Superhuman",Timothy Ferriss,4.3,4587,Non Fiction,21,2011
The 5 Love Languages: The Secret to Love That Lasts,Gary Chapman,4.7,3477,Non Fiction,28,2011
The 7 Habits of Highly Effective People: Powerful Lessons in Personal Change,Stephen R. Covey,4.6,9325,Non Fiction,24,2011
The Art of Racing in the Rain: A Novel,Garth Stein,4.7,11813,Fiction,10,2011
The China Study: The Most Comprehensive Study of Nutrition Ever Conducted And the Startling Implications for Diet…,Thomas Campbell,4.7,4633,Non Fiction,21,2011
"The Dukan Diet: 2 Steps to Lose the Weight, 2 Steps to Keep It Off Forever",Pierre Dukan,4.1,2023,Non Fiction,15,2011
The Five Dysfunctions of a Team: A Leadership Fable,Patrick Lencioni,4.6,3207,Non Fiction,6,2011
The Girl Who Kicked the Hornet's Nest (Millennium Trilogy),Stieg Larsson,4.7,7747,Fiction,14,2011
The Help,Kathryn Stockett,4.8,13871,Fiction,8,2011
The Help,Kathryn Stockett,4.8,13871,Fiction,7,2011
The Hunger Games (Book 1),Suzanne Collins,4.7,32122,Fiction,8,2011
The Hunger Games Trilogy Boxed Set (1),Suzanne Collins,4.8,16949,Fiction,30,2011
The Immortal Life of Henrietta Lacks,Rebecca Skloot,4.7,9289,Non Fiction,9,2011
The Lego Ideas Book: Unlock Your Imagination,Daniel Lipkowitz,4.4,4247,Non Fiction,13,2011
The Litigators,John Grisham,4.4,6222,Fiction,18,2011
The Official SAT Study Guide,The College Board,4.4,1201,Non Fiction,40,2011
The Paris Wife: A Novel,Paula McLain,4.3,3759,Fiction,16,2011
"The Son of Neptune (Heroes of Olympus, Book 2)",Rick Riordan,4.8,4290,Fiction,10,2011
"The Throne of Fire (The Kane Chronicles, Book 2)",Rick Riordan,4.7,1463,Fiction,10,2011
"Thinking, Fast and Slow",Daniel Kahneman,4.6,11034,Non Fiction,19,2011
Tina Fey: Bossypants,Tina Fey,4.3,5977,Non Fiction,12,2011
"Unbroken: A World War II Story of Survival, Resilience, and Redemption",Laura Hillenbrand,4.8,29673,Non Fiction,16,2011
Water for Elephants: A Novel,Sara Gruen,4.5,8958,Fiction,12,2011
What to Expect When You're Expecting,Heidi Murkoff,4.4,3341,Non Fiction,9,2011
Barefoot Contessa Foolproof: Recipes You Can Trust: A Cookbook,Ina Garten,4.8,1296,Non Fiction,24,2012
Catching Fire (The Hunger Games),Suzanne Collins,4.7,22614,Fiction,11,2012
"Eat to Live: The Amazing Nutrient-Rich Program for Fast and Sustained Weight Loss, Revised Edition",Joel Fuhrman MD,4.5,6346,Non Fiction,9,2012
Fifty Shades Darker,E L James,4.4,23631,Fiction,7,2012
Fifty Shades Freed: Book Three of the Fifty Shades Trilogy (Fifty Shades of Grey Series) (English Edition),E L James,4.5,20262,Fiction,11,2012
Fifty Shades of Grey: Book One of the Fifty Shades Trilogy (Fifty Shades of Grey Series),E L James,3.8,47265,Fiction,14,2012
Fifty Shades Trilogy (Fifty Shades of Grey / Fifty Shades Darker / Fifty Shades Freed),E L James,4.5,13964,Fiction,32,2012
Game of Thrones Boxed Set: A Game of Thrones/A Clash of Kings/A Storm of Swords/A Feast for Crows,George R.R. Martin,4.6,5594,Fiction,5,2012
Gone Girl,Gillian Flynn,4.0,57271,Fiction,10,2012
Good to Great: Why Some Companies Make the Leap and Others Don't,Jim Collins,4.5,3457,Non Fiction,14,2012
"Goodnight, Goodnight Construction Site (Hardcover Books for Toddlers, Preschool Books for Kids)",Sherri Duskey Rinker,4.9,7038,Fiction,7,2012
Heaven is for Real: A Little Boy's Astounding Story of His Trip to Heaven and Back,Todd Burpo,4.7,15779,Non Fiction,10,2012
Jesus Calling: Enjoying Peace in His Presence (with Scripture References),Sarah Young,4.9,19576,Non Fiction,8,2012
Killing Kennedy: The End of Camelot,Bill O'Reilly,4.6,8634,Non Fiction,25,2012
Killing Lincoln: The Shocking Assassination that Changed America Forever (Bill O'Reilly's Killing Series),Bill O'Reilly,4.7,9342,Non Fiction,10,2012
Mockingjay (The Hunger Games),Suzanne Collins,4.5,26741,Fiction,8,2012
No Easy Day: The Autobiography of a Navy Seal: The Firsthand Account of the Mission That Killed Osama Bin Laden,Mark Owen,4.6,8093,Non Fiction,14,2012
"Oh, the Places You'll Go!",Dr. Seuss,4.9,21834,Fiction,8,2012
One Thousand Gifts: A Dare to Live Fully Right Where You Are,Ann Voskamp,4.6,3163,Non Fiction,13,2012
Proof of Heaven: A Neurosurgeon's Journey into the Afterlife,Eben Alexander,4.3,13616,Non Fiction,10,2012
"Publication Manual of the American Psychological Association, 6th Edition",American Psychological Association,4.5,8580,Non Fiction,46,2012
Quiet: The Power of Introverts in a World That Can't Stop Talking,Susan Cain,4.6,10009,Non Fiction,20,2012
Steve Jobs,Walter Isaacson,4.6,7827,Non Fiction,20,2012
StrengthsFinder 2.0,Gallup,4.0,5069,Non Fiction,17,2012
The 5 Love Languages: The Secret to Love That Lasts,Gary Chapman,4.7,3477,Non Fiction,28,2012
The 7 Habits of Highly Effective People: Powerful Lessons in Personal Change,Stephen R. Covey,4.6,9325,Non Fiction,24,2012
The Amateur,Edward Klein,4.6,2580,Non Fiction,9,2012
"The Blood Sugar Solution: The UltraHealthy Program for Losing Weight, Preventing Disease, and Feeling Great Now!",Mark Hyman M.D.,4.2,1789,Non Fiction,14,2012
The Casual Vacancy,J.K. Rowling,3.3,9372,Fiction,12,2012
The Fault in Our Stars,John Green,4.7,50482,Fiction,13,2012
The Five Dysfunctions of a Team: A Leadership Fable,Patrick Lencioni,4.6,3207,Non Fiction,6,2012
The Great Gatsby,F. Scott Fitzgerald,4.4,11616,Fiction,7,2012
The Harbinger: The Ancient Mystery that Holds the Secret of America's Future,Jonathan Cahn,4.6,11098,Fiction,13,2012
The Hunger Games (Book 1),Suzanne Collins,4.7,32122,Fiction,8,2012
The Hunger Games Trilogy Boxed Set (1),Suzanne Collins,4.8,16949,Fiction,30,2012
The Immortal Life of Henrietta Lacks,Rebecca Skloot,4.7,9289,Non Fiction,9,2012
The Lego Ideas Book: Unlock Your Imagination,Daniel Lipkowitz,4.4,4247,Non Fiction,13,2012
"The Mark of Athena (Heroes of Olympus, Book 3)",Rick Riordan,4.8,6247,Fiction,10,2012
The Official SAT Study Guide,The College Board,4.4,1201,Non Fiction,40,2012
The Pioneer Woman Cooks: Food from My Frontier,Ree Drummond,4.8,2876,Non Fiction,21,2012
The Power of Habit: Why We Do What We Do in Life and Business,Charles Duhigg,4.6,10795,Non Fiction,21,2012
The Racketeer,John Grisham,4.3,14493,Fiction,18,2012
"The Serpent's Shadow (The Kane Chronicles, Book 3)",Rick Riordan,4.8,2091,Fiction,12,2012
"The Third Wheel (Diary of a Wimpy Kid, Book 7)",Jeff Kinney,4.7,6377,Fiction,7,2012
"Thinking, Fast and Slow",Daniel Kahneman,4.6,11034,Non Fiction,19,2012
Thomas Jefferson: The Art of Power,Jon Meacham,4.5,1904,Non Fiction,23,2012
"Unbroken: A World War II Story of Survival, Resilience, and Redemption",Laura Hillenbrand,4.8,29673,Non Fiction,16,2012
"Wheat Belly: Lose the Wheat, Lose the Weight, and Find Your Path Back to Health",William Davis,4.4,7497,Non Fiction,6,2012
Wild: From Lost to Found on the Pacific Crest Trail,Cheryl Strayed,4.4,17044,Non Fiction,18,2012
Winter of the World: Book Two of the Century Trilogy,Ken Follett,4.5,10760,Fiction,15,2012
Allegiant,Veronica Roth,3.9,6310,Fiction,13,2013
And the Mountains Echoed,Khaled Hosseini,4.3,12159,Fiction,13,2013
"Daring Greatly: How the Courage to Be Vulnerable Transforms the Way We Live, Love, Parent, and Lead",Brené Brown,4.8,1329,Non Fiction,10,2013
"David and Goliath: Underdogs, Misfits, and the Art of Battling Giants",Malcolm Gladwell,4.4,4642,Non Fiction,13,2013
"Diagnostic and Statistical Manual of Mental Disorders, 5th Edition: DSM-5",American Psychiatric Association,4.5,6679,Non Fiction,105,2013
"Diary of a Wimpy Kid: Hard Luck, Book 8",Jeff Kinney,4.8,6812,Fiction,0,2013
Divergent,Veronica Roth,4.6,27098,Fiction,15,2013
Doctor Sleep: A Novel,Stephen King,4.7,15845,Fiction,13,2013
Fifty Shades of Grey: Book One of the Fifty Shades Trilogy (Fifty Shades of Grey Series),E L James,3.8,47265,Fiction,14,2013
Game of Thrones Boxed Set: A Game of Thrones/A Clash of Kings/A Storm of Swords/A Feast for Crows,George R.R. Martin,4.6,5594,Fiction,5,2013
George Washington's Secret Six: The Spy Ring That Saved the American Revolution,Brian Kilmeade,4.6,4799,Non Fiction,16,2013
Gone Girl,Gillian Flynn,4.0,57271,Fiction,10,2013
"Goodnight, Goodnight Construction Site (Hardcover Books for Toddlers, Preschool Books for Kids)",Sherri Duskey Rinker,4.9,7038,Fiction,7,2013
"Happy, Happy, Happy: My Life and Legacy as the Duck Commander",Phil Robertson,4.8,4148,Non Fiction,11,2013
Humans of New York,Brandon Stanton,4.8,3490,Non Fiction,15,2013
"Hyperbole and a Half: Unfortunate Situations, Flawed Coping Mechanisms, Mayhem, and Other Things That Happened",Allie Brosh,4.7,4896,Non Fiction,17,2013
Inferno,Dan Brown,4.1,29651,Fiction,14,2013
Jesus Calling: Enjoying Peace in His Presence (with Scripture References),Sarah Young,4.9,19576,Non Fiction,8,2013
Joyland (Hard Case Crime),Stephen King,4.5,4748,Fiction,12,2013
Killing Jesus (Bill O'Reilly's Killing Series),Bill O'Reilly,4.5,11391,Non Fiction,12,2013
Knock-Knock Jokes for Kids,Rob Elliott,4.5,3673,Non Fiction,4,2013
Laugh-Out-Loud Jokes for Kids,Rob Elliott,4.6,6990,Non Fiction,4,2013
"Lean In: Women, Work, and the Will to Lead",Sheryl Sandberg,4.5,6132,Non Fiction,13,2013
"Oh, the Places You'll Go!",Dr. Seuss,4.9,21834,Fiction,8,2013
Proof of Heaven: A Neurosurgeon's Journey into the Afterlife,Eben Alexander,4.3,13616,Non Fiction,10,2013
"Publication Manual of the American Psychological Association, 6th Edition",American Psychological Association,4.5,8580,Non Fiction,46,2013
Quiet: The Power of Introverts in a World That Can't Stop Talking,Susan Cain,4.6,10009,Non Fiction,7,2013
Rush Revere and the Brave Pilgrims: Time-Travel Adventures with Exceptional Americans (1),Rush Limbaugh,4.9,7150,Fiction,12,2013
Shred: The Revolutionary Diet: 6 Weeks 4 Inches 2 Sizes,Ian K. Smith M.D.,4.1,2272,Non Fiction,6,2013
"Soul Healing Miracles: Ancient and New Sacred Wisdom, Knowledge, and Practical Techniques for Healing the Spiritual…",Zhi Gang Sha,4.6,220,Non Fiction,17,2013
StrengthsFinder 2.0,Gallup,4.0,5069,Non Fiction,17,2013
Sycamore Row (Jake Brigance),John Grisham,4.5,23114,Fiction,18,2013
The 5 Love Languages: The Secret to Love That Lasts,Gary Chapman,4.7,3477,Non Fiction,28,2013
The 7 Habits of Highly Effective People: Powerful Lessons in Personal Change,Stephen R. Covey,4.6,9325,Non Fiction,24,2013
The Book Thief,Markus Zusak,4.6,23148,Fiction,6,2013
The Day the Crayons Quit,Drew Daywalt,4.8,8922,Fiction,9,2013
The Fault in Our Stars,John Green,4.7,50482,Fiction,13,2013
The Five Dysfunctions of a Team: A Leadership Fable,Patrick Lencioni,4.6,3207,Non Fiction,6,2013
The Four Agreements: A Practical Guide to Personal Freedom (A Toltec Wisdom Book),Don Miguel Ruiz,4.7,23308,Non Fiction,6,2013
The Goldfinch: A Novel (Pulitzer Prize for Fiction),Donna Tartt,3.9,33844,Fiction,20,2013
The Great Gatsby,F. Scott Fitzgerald,4.4,11616,Fiction,7,2013
"The House of Hades (Heroes of Olympus, Book 4)",Rick Riordan,4.8,6982,Fiction,14,2013
The Legend of Zelda: Hyrule Historia,Patrick Thorpe,4.9,5396,Fiction,20,2013
The Official SAT Study Guide,The College Board,4.4,1201,Non Fiction,40,2013
"The Pioneer Woman Cooks: A Year of Holidays: 140 Step-by-Step Recipes for Simple, Scrumptious Celebrations",Ree Drummond,4.8,2663,Non Fiction,17,2013
The Very Hungry Caterpillar,Eric Carle,4.9,19546,Fiction,5,2013
"Things That Matter: Three Decades of Passions, Pastimes and Politics [Deckled Edge]",Charles Krauthammer,4.7,7034,Non Fiction,15,2013
To Kill a Mockingbird,Harper Lee,4.8,26234,Fiction,0,2013
"Wheat Belly: Lose the Wheat, Lose the Weight, and Find Your Path Back to Health",William Davis,4.4,7497,Non Fiction,6,2013
Wonder,R. J. Palacio,4.8,21625,Fiction,9,2013
A Game of Thrones / A Clash of Kings / A Storm of Swords / A Feast of Crows / A Dance with Dragons,George R. R. Martin,4.7,19735,Fiction,30,2014
All the Light We Cannot See,Anthony Doerr,4.6,36348,Fiction,14,2014
Capital in the Twenty First Century,Thomas Piketty,4.5,2884,Non Fiction,28,2014
"Diagnostic and Statistical Manual of Mental Disorders, 5th Edition: DSM-5",American Psychiatric Association,4.5,6679,Non Fiction,105,2014
Diary of a Wimpy Kid: The Long Haul,Jeff Kinney,4.8,6540,Fiction,22,2014
Divergent,Veronica Roth,4.6,27098,Fiction,15,2014
Divergent / Insurgent,Veronica Roth,4.5,17684,Fiction,6,2014
First 100 Words,Roger Priddy,4.7,17323,Non Fiction,4,2014
Frozen (Little Golden Book),RH Disney,4.7,3642,Fiction,0,2014
Gone Girl,Gillian Flynn,4.0,57271,Fiction,9,2014
"Grain Brain: The Surprising Truth about Wheat, Carbs, and Sugar--Your Brain's Silent Killers",David Perlmutter MD,4.6,5972,Non Fiction,10,2014
How to Win Friends & Influence People,Dale Carnegie,4.7,25001,Non Fiction,11,2014
Humans of New York,Brandon Stanton,4.8,3490,Non Fiction,15,2014
If I Stay,Gayle Forman,4.3,7153,Fiction,9,2014
Jesus Calling: Enjoying Peace in His Presence (with Scripture References),Sarah Young,4.9,19576,Non Fiction,8,2014
JOURNEY TO THE ICE P,RH Disney,4.6,978,Fiction,0,2014
Killing Patton: The Strange Death of World War II's Most Audacious General (Bill O'Reilly's Killing Series),Bill O'Reilly,4.6,10927,Non Fiction,6,2014
Knock-Knock Jokes for Kids,Rob Elliott,4.5,3673,Non Fiction,4,2014
Laugh-Out-Loud Jokes for Kids,Rob Elliott,4.6,6990,Non Fiction,4,2014
Little Blue Truck,Alice Schertle,4.9,1884,Fiction,0,2014
Looking for Alaska,John Green,4.5,8491,Fiction,7,2014
Love You Forever,Robert Munsch,4.8,18613,Fiction,5,2014
Make It Ahead: A Barefoot Contessa Cookbook,Ina Garten,4.5,1386,Non Fiction,20,2014
Mindset: The New Psychology of Success,Carol S. Dweck,4.6,5542,Non Fiction,10,2014
"Oh, the Places You'll Go!",Dr. Seuss,4.9,21834,Fiction,8,2014
Orphan Train,Christina Baker Kline,4.6,21930,Fiction,11,2014
"Publication Manual of the American Psychological Association, 6th Edition",American Psychological Association,4.5,8580,Non Fiction,46,2014
Rush Revere and the First Patriots: Time-Travel Adventures With Exceptional Americans (2),Rush Limbaugh,4.9,3836,Fiction,12,2014
StrengthsFinder 2.0,Gallup,4.0,5069,Non Fiction,17,2014
The 5 Love Languages: The Secret to Love That Lasts,Gary Chapman,4.7,3477,Non Fiction,28,2014
The Alchemist,Paulo Coelho,4.7,35799,Fiction,39,2014
The Blood of Olympus (The Heroes of Olympus (5)),Rick Riordan,4.8,6600,Fiction,11,2014
The Book Thief,Markus Zusak,4.6,23148,Fiction,6,2014
The Book with No Pictures,B. J. Novak,4.8,8081,Fiction,8,2014
The Boys in the Boat: Nine Americans and Their Epic Quest for Gold at the 1936 Berlin Olympics,Daniel James Brown,4.8,23358,Non Fiction,12,2014
The Day the Crayons Quit,Drew Daywalt,4.8,8922,Fiction,9,2014
The Fault in Our Stars,John Green,4.7,50482,Fiction,7,2014
The Fault in Our Stars,John Green,4.7,50482,Fiction,13,2014
The Goldfinch: A Novel (Pulitzer Prize for Fiction),Donna Tartt,3.9,33844,Fiction,20,2014
The Great Gatsby,F. Scott Fitzgerald,4.4,11616,Fiction,7,2014
The Maze Runner (Book 1),James Dashner,4.5,10101,Fiction,8,2014
The Official SAT Study Guide,The College Board,4.4,1201,Non Fiction,40,2014
The Very Hungry Caterpillar,Eric Carle,4.9,19546,Fiction,5,2014
Thug Kitchen: The Official Cookbook: Eat Like You Give a F*ck (Thug Kitchen Cookbooks),Thug Kitchen,4.6,11128,Non Fiction,23,2014
To Kill a Mockingbird,Harper Lee,4.8,26234,Fiction,0,2014
Ultimate Sticker Book: Frozen: More Than 60 Reusable Full-Color Stickers,DK,4.5,2586,Fiction,5,2014
"Unbroken: A World War II Story of Survival, Resilience, and Redemption",Laura Hillenbrand,4.8,29673,Non Fiction,13,2014
"Unbroken: A World War II Story of Survival, Resilience, and Redemption",Laura Hillenbrand,4.8,29673,Non Fiction,16,2014
What If?: Serious Scientific Answers to Absurd Hypothetical Questions,Randall Munroe,4.7,9292,Non Fiction,17,2014
Wonder,R. J. Palacio,4.8,21625,Fiction,9,2014
Adult Coloring Book: Stress Relieving Animal Designs,Blue Star Coloring,4.6,2925,Non Fiction,6,2015
Adult Coloring Book: Stress Relieving Patterns,Blue Star Coloring,4.4,2951,Non Fiction,6,2015
"Adult Coloring Books: A Coloring Book for Adults Featuring Mandalas and Henna Inspired Flowers, Animals, and Paisley…",Coloring Books for Adults,4.5,2426,Non Fiction,8,2015
All the Light We Cannot See,Anthony Doerr,4.6,36348,Fiction,14,2015
American Sniper: The Autobiography of the Most Lethal Sniper in U.S. Military History,Chris Kyle,4.6,15921,Non Fiction,9,2015
Baby Touch and Feel: Animals,DK,4.6,5360,Non Fiction,5,2015
Balance (Angie's Extreme Stress Menders),Angie Grace,4.6,1909,Non Fiction,11,2015
Being Mortal: Medicine and What Matters in the End,Atul Gawande,4.8,11113,Non Fiction,15,2015
Between the World and Me,Ta-Nehisi Coates,4.7,10070,Non Fiction,13,2015
Creative Haven Creative Cats Coloring Book (Adult Coloring),Marjorie Sarnat,4.8,4022,Non Fiction,4,2015
Creative Haven Owls Coloring Book (Adult Coloring),Marjorie Sarnat,4.8,3871,Non Fiction,5,2015
Dear Zoo: A Lift-the-Flap Book,Rod Campbell,4.8,10922,Fiction,5,2015
Dover Creative Haven Art Nouveau Animal Designs Coloring Book (Creative Haven Coloring Books),Marty Noble,4.6,2134,Non Fiction,5,2015
"Enchanted Forest: An Inky Quest and Coloring book (Activity Books, Mindfulness and Meditation, Illustrated Floral Prints…",Johanna Basford,4.7,5413,Non Fiction,9,2015
First 100 Words,Roger Priddy,4.7,17323,Non Fiction,4,2015
Giraffes Can't Dance,Giles Andreae,4.8,14038,Fiction,4,2015
Go Set a Watchman: A Novel,Harper Lee,3.6,14982,Fiction,19,2015
Grey: Fifty Shades of Grey as Told by Christian (Fifty Shades of Grey Series),E L James,4.4,25624,Fiction,14,2015
Harry Potter Coloring Book,Scholastic,4.7,3564,Non Fiction,9,2015
How to Win Friends & Influence People,Dale Carnegie,4.7,25001,Non Fiction,11,2015
Humans of New York : Stories,Brandon Stanton,4.9,2812,Non Fiction,17,2015
Jesus Calling: Enjoying Peace in His Presence (with Scripture References),Sarah Young,4.9,19576,Non Fiction,8,2015
Killing Reagan: The Violent Assault That Changed a Presidency (Bill O'Reilly's Killing Series),Bill O'Reilly,4.6,5235,Non Fiction,5,2015
Knock-Knock Jokes for Kids,Rob Elliott,4.5,3673,Non Fiction,4,2015
Laugh-Out-Loud Jokes for Kids,Rob Elliott,4.6,6990,Non Fiction,4,2015
Love You Forever,Robert Munsch,4.8,18613,Fiction,5,2015
Mindset: The New Psychology of Success,Carol S. Dweck,4.6,5542,Non Fiction,10,2015
"Oh, the Places You'll Go!",Dr. Seuss,4.9,21834,Fiction,8,2015
Old School (Diary of a Wimpy Kid #10),Jeff Kinney,4.8,6169,Fiction,7,2015
"Publication Manual of the American Psychological Association, 6th Edition",American Psychological Association,4.5,8580,Non Fiction,46,2015
"Secret Garden: An Inky Treasure Hunt and Coloring Book (For Adults, mindfulness coloring)",Johanna Basford,4.7,9366,Non Fiction,9,2015
StrengthsFinder 2.0,Gallup,4.0,5069,Non Fiction,17,2015
The 5 Love Languages: The Secret to Love that Lasts,Gary Chapman,4.8,25554,Non Fiction,8,2015
The 7 Habits of Highly Effective People: Powerful Lessons in Personal Change,Stephen R. Covey,4.7,4725,Non Fiction,16,2015
The Book with No Pictures,B. J. Novak,4.8,8081,Fiction,8,2015
The Boys in the Boat: Nine Americans and Their Epic Quest for Gold at the 1936 Berlin Olympics,Daniel James Brown,4.8,23358,Non Fiction,12,2015
The Day the Crayons Quit,Drew Daywalt,4.8,8922,Fiction,9,2015
The Four Agreements: A Practical Guide to Personal Freedom (A Toltec Wisdom Book),Don Miguel Ruiz,4.7,23308,Non Fiction,6,2015
The Girl on the Train,Paula Hawkins,4.1,79446,Fiction,18,2015
The Life-Changing Magic of Tidying Up: The Japanese Art of Decluttering and Organizing,Marie Kondō,4.5,22641,Non Fiction,11,2015
The Martian,Andy Weir,4.7,39459,Fiction,9,2015
The Nightingale: A Novel,Kristin Hannah,4.8,49288,Fiction,11,2015
"The Pioneer Woman Cooks: Dinnertime - Comfort Classics, Freezer Food, 16-minute Meals, and Other Delicious Ways to Solve…",Ree Drummond,4.8,3428,Non Fiction,14,2015
The Very Hungry Caterpillar,Eric Carle,4.9,19546,Fiction,5,2015
The Whole30: The 30-Day Guide to Total Health and Food Freedom,Melissa Hartwig Urban,4.6,7508,Non Fiction,16,2015
The Wright Brothers,David McCullough,4.7,6169,Non Fiction,16,2015
Thug Kitchen: The Official Cookbook: Eat Like You Give a F*ck (Thug Kitchen Cookbooks),Thug Kitchen,4.6,11128,Non Fiction,23,2015
To Kill a Mockingbird,Harper Lee,4.8,26234,Fiction,0,2015
What Pet Should I Get? (Classic Seuss),Dr. Seuss,4.7,1873,Fiction,14,2015
Wonder,R. J. Palacio,4.8,21625,Fiction,9,2015
10-Day Green Smoothie Cleanse,JJ Smith,4.7,17350,Non Fiction,8,2016
A Man Called Ove: A Novel,Fredrik Backman,4.6,23848,Fiction,8,2016
"Adult Coloring Book Designs: Stress Relief Coloring Book: Garden Designs, Mandalas, Animals, and Paisley Patterns",Adult Coloring Book Designs,4.5,2313,Non Fiction,4,2016
Alexander Hamilton,Ron Chernow,4.8,9198,Non Fiction,13,2016
Between the World and Me,Ta-Nehisi Coates,4.7,10070,Non Fiction,13,2016
Born to Run,Bruce Springsteen,4.7,3729,Non Fiction,18,2016
Calm the F*ck Down: An Irreverent Adult Coloring Book (Irreverent Book Series),Sasha O'Hara,4.6,10369,Non Fiction,4,2016
Cravings: Recipes for All the Food You Want to Eat: A Cookbook,Chrissy Teigen,4.7,4761,Non Fiction,16,2016
Dear Zoo: A Lift-the-Flap Book,Rod Campbell,4.8,10922,Fiction,5,2016
Double Down (Diary of a Wimpy Kid #11),Jeff Kinney,4.8,5118,Fiction,20,2016
Fahrenheit 451,Ray Bradbury,4.6,10721,Fiction,8,2016
Fantastic Beasts and Where to Find Them: The Original Screenplay (Harry Potter),J.K. Rowling,4.7,4370,Fiction,15,2016
First 100 Words,Roger Priddy,4.7,17323,Non Fiction,4,2016
Giraffes Can't Dance,Giles Andreae,4.8,14038,Fiction,4,2016
Hamilton: The Revolution,Lin-Manuel Miranda,4.9,5867,Non Fiction,54,2016
"Harry Potter and the Chamber of Secrets: The Illustrated Edition (Harry Potter, Book 2)",J.K. Rowling,4.9,19622,Fiction,30,2016
"Harry Potter and the Cursed Child, Parts 1 & 2, Special Rehearsal Edition Script",J.K. Rowling,4.0,23973,Fiction,12,2016
"Harry Potter and the Sorcerer's Stone: The Illustrated Edition (Harry Potter, Book 1)",J.K. Rowling,4.9,10052,Fiction,22,2016
Harry Potter Paperback Box Set (Books 1-7),J. K. Rowling,4.8,13471,Fiction,52,2016
Hillbilly Elegy: A Memoir of a Family and Culture in Crisis,J. D. Vance,4.4,15526,Non Fiction,14,2016
How to Win Friends & Influence People,Dale Carnegie,4.7,25001,Non Fiction,11,2016
Jesus Calling: Enjoying Peace in His Presence (with Scripture References),Sarah Young,4.9,19576,Non Fiction,8,2016
Killing the Rising Sun: How America Vanquished World War II Japan (Bill O'Reilly's Killing Series),Bill O'Reilly,4.8,8916,Non Fiction,6,2016
Laugh-Out-Loud Jokes for Kids,Rob Elliott,4.6,6990,Non Fiction,4,2016
Milk and Honey,Rupi Kaur,4.7,17739,Non Fiction,8,2016
Mindset: The New Psychology of Success,Carol S. Dweck,4.6,5542,Non Fiction,10,2016
Night (Night),Elie Wiesel,4.7,5178,Non Fiction,9,2016
"Oh, the Places You'll Go!",Dr. Seuss,4.9,21834,Fiction,8,2016
Pokémon Deluxe Essential Handbook: The Need-to-Know Stats and Facts on Over 700 Pokémon,Scholastic,4.7,3503,Fiction,9,2016
"Publication Manual of the American Psychological Association, 6th Edition",American Psychological Association,4.5,8580,Non Fiction,46,2016
StrengthsFinder 2.0,Gallup,4.0,5069,Non Fiction,17,2016
The 5 Love Languages: The Secret to Love that Lasts,Gary Chapman,4.8,25554,Non Fiction,8,2016
The 7 Habits of Highly Effective People: Powerful Lessons in Personal Change,Stephen R. Covey,4.7,4725,Non Fiction,16,2016
The Constitution of the United States,Delegates of the Constitutional,4.8,2774,Non Fiction,0,2016
The Four Agreements: A Practical Guide to Personal Freedom (A Toltec Wisdom Book),Don Miguel Ruiz,4.7,23308,Non Fiction,6,2016
The Girl on the Train,Paula Hawkins,4.1,79446,Fiction,7,2016
The Going-To-Bed Book,Sandra Boynton,4.8,5249,Fiction,5,2016
The Life-Changing Magic of Tidying Up: The Japanese Art of Decluttering and Organizing,Marie Kondō,4.5,22641,Non Fiction,11,2016
The Magnolia Story,Chip Gaines,4.9,7861,Non Fiction,5,2016
The Nightingale: A Novel,Kristin Hannah,4.8,49288,Fiction,11,2016
"The Official SAT Study Guide, 2016 Edition (Official Study Guide for the New Sat)",The College Board,4.3,807,Non Fiction,36,2016
The Very Hungry Caterpillar,Eric Carle,4.9,19546,Fiction,5,2016
The Whole30: The 30-Day Guide to Total Health and Food Freedom,Melissa Hartwig Urban,4.6,7508,Non Fiction,16,2016
The Wonderful Things You Will Be,Emily Winfield Martin,4.9,8842,Fiction,10,2016
Thug Kitchen: The Official Cookbook: Eat Like You Give a F*ck (Thug Kitchen Cookbooks),Thug Kitchen,4.6,11128,Non Fiction,23,2016
To Kill a Mockingbird,Harper Lee,4.8,26234,Fiction,0,2016
"Uninvited: Living Loved When You Feel Less Than, Left Out, and Lonely",Lysa TerKeurst,4.7,4585,Non Fiction,9,2016
When Breath Becomes Air,Paul Kalanithi,4.8,13779,Non Fiction,14,2016
Wonder,R. J. Palacio,4.8,21625,Fiction,9,2016
You Are a Badass: How to Stop Doubting Your Greatness and Start Living an Awesome Life,Jen Sincero,4.7,14331,Non Fiction,8,2016
1984 (Signet Classics),George Orwell,4.7,21424,Fiction,6,2017
A Gentleman in Moscow: A Novel,Amor Towles,4.7,19699,Fiction,15,2017
A Man Called Ove: A Novel,Fredrik Backman,4.6,23848,Fiction,8,2017
Astrophysics for People in a Hurry,Neil deGrasse Tyson,4.7,9374,Non Fiction,9,2017
"Brown Bear, Brown Bear, What Do You See?",Bill Martin Jr.,4.9,14344,Fiction,5,2017
Dear Zoo: A Lift-the-Flap Book,Rod Campbell,4.8,10922,Fiction,5,2017
Dog Man: A Tale of Two Kitties: From the Creator of Captain Underpants (Dog Man #3),Dav Pilkey,4.9,4786,Fiction,8,2017
First 100 Words,Roger Priddy,4.7,17323,Non Fiction,4,2017
Giraffes Can't Dance,Giles Andreae,4.8,14038,Fiction,4,2017
Goodnight Moon,Margaret Wise Brown,4.8,8837,Fiction,5,2017
"Harry Potter and the Prisoner of Azkaban: The Illustrated Edition (Harry Potter, Book 3)",J.K. Rowling,4.9,3146,Fiction,30,2017
Hillbilly Elegy: A Memoir of a Family and Culture in Crisis,J. D. Vance,4.4,15526,Non Fiction,14,2017
How to Win Friends & Influence People,Dale Carnegie,4.7,25001,Non Fiction,11,2017
If Animals Kissed Good Night,Ann Whitford Paul,4.8,16643,Fiction,4,2017
Killers of the Flower Moon: The Osage Murders and the Birth of the FBI,David Grann,4.6,8393,Non Fiction,17,2017
Laugh-Out-Loud Jokes for Kids,Rob Elliott,4.6,6990,Non Fiction,4,2017
Leonardo da Vinci,Walter Isaacson,4.5,3014,Non Fiction,21,2017
Make Your Bed: Little Things That Can Change Your Life...And Maybe the World,Admiral William H. McRaven,4.7,10199,Non Fiction,11,2017
Milk and Honey,Rupi Kaur,4.7,17739,Non Fiction,8,2017
Milk and Vine: Inspirational Quotes From Classic Vines,Adam Gasiewski,4.4,3113,Non Fiction,6,2017
Obama: An Intimate Portrait,Pete Souza,4.9,3192,Non Fiction,22,2017
"Oh, the Places You'll Go!",Dr. Seuss,4.9,21834,Fiction,8,2017
"Option B: Facing Adversity, Building Resilience, and Finding Joy",Sheryl Sandberg,4.5,1831,Non Fiction,9,2017
Origin: A Novel (Robert Langdon),Dan Brown,4.3,18904,Fiction,13,2017
Player's Handbook (Dungeons & Dragons),Wizards RPG Team,4.8,16990,Fiction,27,2017
"Publication Manual of the American Psychological Association, 6th Edition",American Psychological Association,4.5,8580,Non Fiction,46,2017
Puppy Birthday to You! (Paw Patrol) (Little Golden Book),Golden Books,4.8,4757,Fiction,4,2017
Ready Player One: A Novel,Ernest Cline,4.6,22536,Fiction,12,2017
StrengthsFinder 2.0,Gallup,4.0,5069,Non Fiction,17,2017
The 5 Love Languages: The Secret to Love that Lasts,Gary Chapman,4.8,25554,Non Fiction,8,2017
The 7 Habits of Highly Effective People: Powerful Lessons in Personal Change,Stephen R. Covey,4.7,4725,Non Fiction,16,2017
The Four Agreements: A Practical Guide to Personal Freedom (A Toltec Wisdom Book),Don Miguel Ruiz,4.7,23308,Non Fiction,6,2017
The Getaway,Jeff Kinney,4.8,5836,Fiction,0,2017
The Going-To-Bed Book,Sandra Boynton,4.8,5249,Fiction,5,2017
The Handmaid's Tale,Margaret Atwood,4.3,29442,Fiction,7,2017
The Instant Pot Electric Pressure Cooker Cookbook: Easy Recipes for Fast & Healthy Meals,Laurel Randolph,4.3,7368,Non Fiction,7,2017
The Life-Changing Magic of Tidying Up: The Japanese Art of Decluttering and Organizing,Marie Kondō,4.5,22641,Non Fiction,11,2017
The Pout-Pout Fish,Deborah Diesen,4.8,9784,Fiction,5,2017
The Shack: Where Tragedy Confronts Eternity,William P. Young,4.6,19720,Fiction,8,2017
The Subtle Art of Not Giving a F*ck: A Counterintuitive Approach to Living a Good Life,Mark Manson,4.6,26490,Non Fiction,15,2017
The Sun and Her Flowers,Rupi Kaur,4.7,5487,Non Fiction,9,2017
The Very Hungry Caterpillar,Eric Carle,4.9,19546,Fiction,5,2017
The Whole30: The 30-Day Guide to Total Health and Food Freedom,Melissa Hartwig Urban,4.6,7508,Non Fiction,16,2017
The Wonderful Things You Will Be,Emily Winfield Martin,4.9,8842,Fiction,10,2017
Thirteen Reasons Why,Jay Asher,4.5,7932,Fiction,9,2017
Thug Kitchen: The Official Cookbook: Eat Like You Give a F*ck (Thug Kitchen Cookbooks),Thug Kitchen,4.6,11128,Non Fiction,23,2017
"Tools of Titans: The Tactics, Routines, and Habits of Billionaires, Icons, and World-Class Performers",Timothy Ferriss,4.6,4360,Non Fiction,21,2017
What Happened,Hillary Rodham Clinton,4.6,5492,Non Fiction,18,2017
Wonder,R. J. Palacio,4.8,21625,Fiction,9,2017
You Are a Badass: How to Stop Doubting Your Greatness and Start Living an Awesome Life,Jen Sincero,4.7,14331,Non Fiction,8,2017
12 Rules for Life: An Antidote to Chaos,Jordan B. Peterson,4.7,18979,Non Fiction,15,2018
"A Higher Loyalty: Truth, Lies, and Leadership",James Comey,4.7,5983,Non Fiction,3,2018
A Wrinkle in Time (Time Quintet),Madeleine L'Engle,4.5,5153,Fiction,5,2018
Becoming,Michelle Obama,4.8,61133,Non Fiction,11,2018
Crazy Rich Asians (Crazy Rich Asians Trilogy),Kevin Kwan,4.3,6143,Fiction,8,2018
Dear Zoo: A Lift-the-Flap Book,Rod Campbell,4.8,10922,Fiction,5,2018
Dog Man and Cat Kid: From the Creator of Captain Underpants (Dog Man #4),Dav Pilkey,4.9,5062,Fiction,6,2018
Dog Man: Brawl of the Wild: From the Creator of Captain Underpants (Dog Man #6),Dav Pilkey,4.9,7235,Fiction,4,2018
Dog Man: Lord of the Fleas: From the Creator of Captain Underpants (Dog Man #5),Dav Pilkey,4.9,5470,Fiction,6,2018
Educated: A Memoir,Tara Westover,4.7,28729,Non Fiction,15,2018
Fahrenheit 451,Ray Bradbury,4.6,10721,Fiction,8,2018
Fear: Trump in the White House,Bob Woodward,4.4,6042,Non Fiction,2,2018
Fire and Fury: Inside the Trump White House,Michael Wolff,4.2,13677,Non Fiction,6,2018
First 100 Words,Roger Priddy,4.7,17323,Non Fiction,4,2018
Giraffes Can't Dance,Giles Andreae,4.8,14038,Fiction,4,2018
"Girl, Wash Your Face: Stop Believing the Lies About Who You Are So You Can Become Who You Were Meant to Be",Rachel Hollis,4.6,22288,Non Fiction,12,2018
Goodnight Moon,Margaret Wise Brown,4.8,8837,Fiction,5,2018
Homebody: A Guide to Creating Spaces You Never Want to Leave,Joanna Gaines,4.8,3776,Non Fiction,22,2018
How to Win Friends & Influence People,Dale Carnegie,4.7,25001,Non Fiction,11,2018
Instant Pot Pressure Cooker Cookbook: 500 Everyday Recipes for Beginners and Advanced Users. Try Easy and Healthy…,Jennifer Smith,4.4,7396,Non Fiction,13,2018
Kitchen Confidential Updated Edition: Adventures in the Culinary Underbelly (P.S.),Anthony Bourdain,4.8,2507,Non Fiction,8,2018
"Last Week Tonight with John Oliver Presents A Day in the Life of Marlon Bundo (Better Bundo Book, LGBT Childrens Book)",Jill Twiss,4.9,11881,Fiction,13,2018
Lettering and Modern Calligraphy: A Beginner's Guide: Learn Hand Lettering and Brush Lettering,Paper Peony Press,4.4,7550,Non Fiction,6,2018
Little Fires Everywhere,Celeste Ng,4.5,25706,Fiction,12,2018
Magnolia Table: A Collection of Recipes for Gathering,Joanna Gaines,4.8,9867,Non Fiction,16,2018
Milk and Honey,Rupi Kaur,4.7,17739,Non Fiction,8,2018
"Oh, the Places You'll Go!",Dr. Seuss,4.9,21834,Fiction,8,2018
P is for Potty! (Sesame Street) (Lift-the-Flap),Naomi Kleinberg,4.7,10820,Non Fiction,5,2018
Player's Handbook (Dungeons & Dragons),Wizards RPG Team,4.8,16990,Fiction,27,2018
"Publication Manual of the American Psychological Association, 6th Edition",American Psychological Association,4.5,8580,Non Fiction,46,2018
Ready Player One: A Novel,Ernest Cline,4.6,22536,Fiction,12,2018
"Salt, Fat, Acid, Heat: Mastering the Elements of Good Cooking",Samin Nosrat,4.8,7802,Non Fiction,20,2018
"School Zone - Big Preschool Workbook - Ages 4 and Up, Colors, Shapes, Numbers 1-10, Alphabet, Pre-Writing, Pre-Reading…",School Zone,4.8,23047,Non Fiction,6,2018
Ship of Fools: How a Selfish Ruling Class Is Bringing America to the Brink of Revolution,Tucker Carlson,4.8,3923,Non Fiction,16,2018
The 5 Love Languages: The Secret to Love that Lasts,Gary Chapman,4.8,25554,Non Fiction,8,2018
The Complete Ketogenic Diet for Beginners: Your Essential Guide to Living the Keto Lifestyle,Amy Ramos,4.3,13061,Non Fiction,6,2018
The Four Agreements: A Practical Guide to Personal Freedom (A Toltec Wisdom Book),Don Miguel Ruiz,4.7,23308,Non Fiction,6,2018
The Hate U Give,Angie Thomas,4.8,9947,Fiction,11,2018
The Instant Pot Electric Pressure Cooker Cookbook: Easy Recipes for Fast & Healthy Meals,Laurel Randolph,4.3,7368,Non Fiction,7,2018
The Meltdown (Diary of a Wimpy Kid Book 13),Jeff Kinney,4.8,5898,Fiction,8,2018
"The Plant Paradox Cookbook: 100 Delicious Recipes to Help You Lose Weight, Heal Your Gut, and Live Lectin-Free",Dr. Steven R Gundry MD,4.5,3601,Non Fiction,18,2018
"The Plant Paradox: The Hidden Dangers in ""Healthy"" Foods That Cause Disease and Weight Gain",Dr. Steven R Gundry MD,4.4,7058,Non Fiction,17,2018
The Pout-Pout Fish,Deborah Diesen,4.8,9784,Fiction,5,2018
The President Is Missing: A Novel,James Patterson,4.3,10191,Fiction,18,2018
The Subtle Art of Not Giving a F*ck: A Counterintuitive Approach to Living a Good Life,Mark Manson,4.6,26490,Non Fiction,15,2018
The Very Hungry Caterpillar,Eric Carle,4.9,19546,Fiction,5,2018
The Wonderful Things You Will Be,Emily Winfield Martin,4.9,8842,Fiction,10,2018
The Wonky Donkey,Craig Smith,4.8,30183,Fiction,4,2018
Whose Boat Is This Boat?: Comments That Don't Help in the Aftermath of a Hurricane,The Staff of The Late Show with,4.6,6669,Non Fiction,12,2018
You Are a Badass: How to Stop Doubting Your Greatness and Start Living an Awesome Life,Jen Sincero,4.7,14331,Non Fiction,8,2018
"5,000 Awesome Facts (About Everything!) (National Geographic Kids)",National Geographic Kids,4.8,7665,Non Fiction,12,2019
Becoming,Michelle Obama,4.8,61133,Non Fiction,11,2019
"Brown Bear, Brown Bear, What Do You See?",Bill Martin Jr.,4.9,14344,Fiction,5,2019
Can't Hurt Me: Master Your Mind and Defy the Odds,David Goggins,4.8,16244,Non Fiction,18,2019
Difficult Riddles For Smart Kids: 300 Difficult Riddles And Brain Teasers Families Will Love (Books for Smart Kids),M Prefontaine,4.6,7955,Non Fiction,5,2019
Dog Man: Brawl of the Wild: From the Creator of Captain Underpants (Dog Man #6),Dav Pilkey,4.9,7235,Fiction,4,2019
Dog Man: Fetch-22: From the Creator of Captain Underpants (Dog Man #8),Dav Pilkey,4.9,12619,Fiction,8,2019
Dog Man: For Whom the Ball Rolls: From the Creator of Captain Underpants (Dog Man #7),Dav Pilkey,4.9,9089,Fiction,8,2019
Educated: A Memoir,Tara Westover,4.7,28729,Non Fiction,15,2019
Giraffes Can't Dance,Giles Andreae,4.8,14038,Fiction,4,2019
"Girl, Stop Apologizing: A Shame-Free Plan for Embracing and Achieving Your Goals",Rachel Hollis,4.6,7660,Non Fiction,12,2019
"Girl, Wash Your Face: Stop Believing the Lies About Who You Are So You Can Become Who You Were Meant to Be",Rachel Hollis,4.6,22288,Non Fiction,12,2019
Good Days Start With Gratitude: A 52 Week Guide To Cultivate An Attitude Of Gratitude: Gratitude Journal,Pretty Simple Press,4.6,10141,Non Fiction,6,2019
Goodnight Moon,Margaret Wise Brown,4.8,8837,Fiction,5,2019
Guts,Raina Telgemeier,4.8,5476,Non Fiction,7,2019
"Harry Potter and the Goblet of Fire: The Illustrated Edition (Harry Potter, Book 4) (4)",J. K. Rowling,4.9,7758,Fiction,18,2019
Howard Stern Comes Again,Howard Stern,4.3,5272,Non Fiction,16,2019
"I Am Confident, Brave & Beautiful: A Coloring Book for Girls",Hopscotch Girls,4.8,9737,Non Fiction,7,2019
If Animals Kissed Good Night,Ann Whitford Paul,4.8,16643,Fiction,4,2019
Instant Pot Pressure Cooker Cookbook: 500 Everyday Recipes for Beginners and Advanced Users. Try Easy and Healthy…,Jennifer Smith,4.4,7396,Non Fiction,13,2019
It's Not Supposed to Be This Way: Finding Unexpected Strength When Disappointments Leave You Shattered,Lysa TerKeurst,4.8,7062,Non Fiction,12,2019
"National Geographic Kids Why?: Over 1,111 Answers to Everything",Crispin Boyer,4.8,5347,Non Fiction,16,2019
National Geographic Little Kids First Big Book of Why (National Geographic Little Kids First Big Books),Amy Shields,4.8,7866,Non Fiction,11,2019
"Oh, the Places You'll Go!",Dr. Seuss,4.9,21834,Fiction,8,2019
P is for Potty! (Sesame Street) (Lift-the-Flap),Naomi Kleinberg,4.7,10820,Non Fiction,5,2019
Player's Handbook (Dungeons & Dragons),Wizards RPG Team,4.8,16990,Fiction,27,2019
"Salt, Fat, Acid, Heat: Mastering the Elements of Good Cooking",Samin Nosrat,4.8,7802,Non Fiction,20,2019
"School Zone - Big Preschool Workbook - Ages 4 and Up, Colors, Shapes, Numbers 1-10, Alphabet, Pre-Writing, Pre-Reading…",School Zone,4.8,23047,Non Fiction,6,2019
Strange Planet (Strange Planet Series),Nathan W. Pyle,4.9,9382,Fiction,6,2019
The 5 Love Languages: The Secret to Love that Lasts,Gary Chapman,4.8,25554,Non Fiction,8,2019
"The Body Keeps the Score: Brain, Mind, and Body in the Healing of Trauma",Bessel van der Kolk M.D.,4.8,12361,Non Fiction,12,2019
The Complete Ketogenic Diet for Beginners: Your Essential Guide to Living the Keto Lifestyle,Amy Ramos,4.3,13061,Non Fiction,6,2019
The Four Agreements: A Practical Guide to Personal Freedom (A Toltec Wisdom Book),Don Miguel Ruiz,4.7,23308,Non Fiction,6,2019
The Guardians: A Novel,John Grisham,4.5,13609,Fiction,14,2019
The Life-Changing Magic of Tidying Up: The Japanese Art of Decluttering and Organizing,Marie Kondō,4.5,22641,Non Fiction,11,2019
The Mueller Report,The Washington Post,4.6,2744,Non Fiction,12,2019
The Silent Patient,Alex Michaelides,4.5,27536,Fiction,14,2019
The Subtle Art of Not Giving a F*ck: A Counterintuitive Approach to Living a Good Life,Mark Manson,4.6,26490,Non Fiction,15,2019
The Total Money Makeover: Classic Edition: A Proven Plan for Financial Fitness,Dave Ramsey,4.7,11550,Non Fiction,10,2019
The Unofficial Harry Potter Cookbook: From Cauldron Cakes to Knickerbocker Glory--More Than 150 Magical Recipes for…,Dinah Bucholz,4.7,9030,Non Fiction,10,2019
The Very Hungry Caterpillar,Eric Carle,4.9,19546,Fiction,5,2019
The Wonderful Things You Will Be,Emily Winfield Martin,4.9,8842,Fiction,10,2019
The Wonky Donkey,Craig Smith,4.8,30183,Fiction,4,2019
To Kill a Mockingbird,Harper Lee,4.8,26234,Fiction,7,2019
Unfreedom of the Press,Mark R. Levin,4.9,5956,Non Fiction,11,2019
Unicorn Coloring Book: For Kids Ages 4-8 (US Edition) (Silly Bear Coloring Books),Silly Bear,4.8,6108,Non Fiction,4,2019
What Should Danny Do? (The Power to Choose Series),Adir Levy,4.8,8170,Fiction,13,2019
Where the Crawdads Sing,Delia Owens,4.8,87841,Fiction,15,2019
Wrecking Ball (Diary of a Wimpy Kid Book 14),Jeff Kinney,4.9,9413,Fiction,8,2019
You Are a Badass: How to Stop Doubting Your Greatness and Start Living an Awesome Life,Jen Sincero,4.7,14331,Non Fiction,8,2019
A Promised Land,Barack Obama,4.9,121109,Non Fiction,16,2020
American Dirt (Oprah's Book Club): A Novel,Jeanine Cummins,4.6,66795,Fiction,14,2020
Atomic Habits: An Easy & Proven Way to Build Good Habits & Break Bad Ones,James Clear,4.8,73216,Non Fiction,12,2020
Becoming,Michelle Obama,4.8,118767,Non Fiction,21,2020
"Brown Bear, Brown Bear, What Do You See?",Bill Martin Jr.,4.9,38969,Fiction,5,2020
Burn After Writing,Sharon Jones,4.6,36689,Non Fiction,7,2020
Caste (Oprah's Book Club): The Origins of Our Discontents,Isabel Wilkerson,4.8,38318,Non Fiction,15,2020
Chicka Chicka Boom Boom (Board Book),Bill Martin Jr.,4.9,30145,Fiction,5,2020
Dog Man: Grime and Punishment: A Graphic Novel (Dog Man #9): From the Creator of Captain Underpants (9),Dav Pilkey,4.9,41021,Fiction,6,2020
Educated: A Memoir,Tara Westover,4.7,61064,Non Fiction,13,2020
Get Out of Your Head: Stopping the Spiral of Toxic Thoughts,Jennie Allen,4.7,19558,Non Fiction,14,2020
Giraffes Can't Dance,Giles Andreae,4.8,27722,Fiction,6,2020
Greenlights,Matthew McConaughey,4.7,52217,Non Fiction,16,2020
How to Be an Antiracist,Ibram X. Kendi,4.7,24386,Non Fiction,17,2020
How to Catch a Mermaid,Adam Wallace,4.8,26660,Fiction,5,2020
How to Catch a Unicorn,Adam Wallace,4.8,29902,Fiction,5,2020
Human Body Activity Book for Kids: Hands-On Fun for Grades K-3,"Ph.D., Katie Stokes, M.Ed.,",4.7,19138,Non Fiction,5,2020
"I Am Confident, Brave & Beautiful: A Coloring Book for Girls",Hopscotch Girls,4.8,29913,Non Fiction,7,2020
I Love You to the Moon and Back,Amelia Hepworth,4.9,51188,Fiction,4,2020
If Animals Kissed Good Night,Ann Whitford Paul,4.8,63659,Fiction,4,2020
Little Fires Everywhere: A Novel,Celeste Ng,4.5,53363,Fiction,10,2020
Live Free Or Die: America (and the World) on the Brink,Sean Hannity,4.8,23944,Non Fiction,13,2020
"Magnolia Table, Volume 2: A Collection of Recipes for Gathering",Joanna Gaines,4.9,24352,Non Fiction,17,2020
Midnight Sun,Stephenie Meyer,4.8,79334,Fiction,14,2020
Modern Comfort Food: A Barefoot Contessa Cookbook,Ina Garten,4.8,16097,Non Fiction,19,2020
"My First Learn-to-Write Workbook: Practice for Kids with Pen Control, Line Tracing, Letters, and More!",Crystal Radke,4.8,69801,Non Fiction,5,2020
Paint by Sticker Kids: Unicorns & Magic: Create 10 Pictures One Sticker at a Time! Includes Glitter Stickers,Workman Publishing,4.8,17639,Non Fiction,7,2020
Paint by Sticker Kids: Zoo Animals: Create 10 Pictures One Sticker at a Time!,Workman Publishing,4.8,20182,Non Fiction,8,2020
"Prayer Journal for Women: 52 Week Scripture, Devotional & Guided Prayer Journal",Shannon Roberts,4.8,39234,Non Fiction,10,2020
Rage,Bob Woodward,4.6,33469,Non Fiction,8,2020
"School Zone - Big Preschool Workbook - 320 Pages, Ages 3 to 5, Colors, Shapes, Numbers, Early Math, Alphabet, Pre-Writing, Phonics, Following Directions, and More (School Zone Big Workbook Series)",School Zone,4.8,60501,Non Fiction,6,2020
The 5 Love Languages: The Secret to Love that Lasts,Gary Chapman,4.8,62463,Non Fiction,8,2020
The Ballad of Songbirds and Snakes (A Hunger Games Novel),Suzanne Collins,4.7,43745,Fiction,14,2020
The Big Book of Silly Jokes for Kids,Carole P. Roman,4.7,18142,Non Fiction,6,2020
"The Body Keeps the Score: Brain, Mind, and Body in the Healing of Trauma",Bessel van der Kolk M.D.,4.8,44642,Non Fiction,11,2020
"The Boy, the Mole, the Fox and the Horse",Charlie Mackesy,4.8,93749,Fiction,10,2020
The Deep End (Diary of a Wimpy Kid Book 15),Jeff Kinney,4.9,38674,Fiction,7,2020
The Four Agreements: A Practical Guide to Personal Freedom (A Toltec Wisdom Book),Don Miguel Ruiz,4.7,75798,Non Fiction,8,2020
The Room Where It Happened: A White House Memoir,John Bolton,4.3,49087,Non Fiction,13,2020
The Silent Patient,Alex Michaelides,4.5,102544,Fiction,20,2020
"The Splendid and the Vile: A Saga of Churchill, Family, and Defiance During the Blitz",Erik Larson,4.7,26537,Non Fiction,17,2020
The Vanishing Half: A Novel,Brit Bennett,4.4,83490,Fiction,13,2020
The Very Hungry Caterpillar,Eric Carle,4.9,47260,Fiction,5,2020
The Wonky Donkey,Craig Smith,4.8,68099,Fiction,5,2020
Too Much and Never Enough: How My Family Created the World's Most Dangerous Man,Mary L. Trump Ph.D.,4.6,100534,Non Fiction,10,2020
Untamed,Glennon Doyle,4.6,49978,Non Fiction,16,2020
Wacky Waving Inflatable Tube Guy (RP Minis),Conor Riordan,4.0,35772,Fiction,12,2020
What Should Danny Do? (The Power to Choose Series),Adir Levy,4.8,20918,Fiction,14,2020
Where the Crawdads Sing,Delia Owens,4.8,208915,Fiction,12,2020
White Fragility: Why It's So Hard for White People to Talk About Racism,Dr. Robin DiAngelo,4.5,38798,Non Fiction,8,2020
1984,George Orwell,4.7,60381,Fiction,7,2021
American Marxism,Mark R. Levin,4.9,29510,Non Fiction,14,2021
Atlas of the Heart: Mapping Meaningful Connection and the Language of Human Experience,Brené Brown,4.8,7556,Non Fiction,18,2021
Atomic Habits: An Easy & Proven Way to Build Good Habits & Break Bad Ones,James Clear,4.8,73216,Non Fiction,12,2021
Big Shot Diary of a Wimpy Kid Book 16,Jeff Kinney,4.9,12259,Fiction,7,2021
"Brown Bear, Brown Bear, What Do You See?",Bill Martin Jr.,4.9,38969,Fiction,5,2021
Burn After Writing (Pink),Sharon Jones,4.6,23145,Non Fiction,7,2021
Call Us What We Carry: Poems,Amanda Gorman,4.9,2873,Fiction,14,2021
Caste (Oprah's Book Club): The Origins of Our Discontents,Isabel Wilkerson,4.8,38319,Non Fiction,15,2021
Crystals for Beginners: The Guide to Get Started with the Healing Power of Crystals,Karen Frazier,4.8,30513,Non Fiction,9,2021
Dog Man: Mothering Heights: A Graphic Novel (Dog Man #10): From the Creator of Captain Underpants (10),Dav Pilkey,4.9,18740,Fiction,7,2021
"Dune (Dune Chronicles, Book 1)",Frank Herbert,4.7,52262,Fiction,12,2021
Go Tell the Bees That I Am Gone: A Novel (Outlander),Diana Gabaldon,4.7,35580,Fiction,20,2021
Greenlights,Matthew McConaughey,4.7,52217,Non Fiction,16,2021
Grumpy Monkey,Suzanne Lang,4.8,20714,Fiction,7,2021
How to Catch a Mermaid,Adam Wallace,4.8,26660,Fiction,5,2021
How to Win Friends & Influence People,Dale Carnegie,4.7,61283,Non Fiction,11,2021
"I Am Confident, Brave & Beautiful: A Coloring Book for Girls",Hopscotch Girls,4.8,29913,Non Fiction,7,2021
I Love You to the Moon and Back,Amelia Hepworth,4.9,51188,Fiction,4,2021
If Animals Kissed Good Night,Ann Whitford Paul,4.8,63658,Fiction,4,2021
It Ends with Us: A Novel (1),Colleen Hoover,4.7,76135,Fiction,11,2021
"My First Learn-to-Write Workbook: Practice for Kids with Pen Control, Line Tracing, Letters, and More!",Crystal Radke,4.8,69801,Non Fiction,5,2021
My First Library : Boxset of 10 Board Books for Kids,Wonder House Books,4.6,39852,Non Fiction,16,2021
"Oh, the Places You'll Go!  ",Dr. Seuss,4.9,35287,Fiction,9,2021
Paint by Sticker Kids: Zoo Animals: Create 10 Pictures One Sticker at a Time!,Workman Publishing,4.8,20182,Non Fiction,8,2021
Peril,Bob Woodward,4.6,16861,Non Fiction,15,2021
"Publication Manual of the American Psychological Association: 7th Edition, Official, 2020 Copyright",American Psychological Association,4.8,25374,Non Fiction,21,2021
Rich Dad Poor Dad: What the Rich Teach Their Kids About Money That the Poor and Middle Class Do Not!,Robert T. Kiyosaki,4.7,71078,Non Fiction,13,2021
"School Zone - Big Preschool Workbook - 320 Pages, Ages 3 to 5, Colors, Shapes, Numbers, Early Math, Alphabet, Pre-Writing, Phonics, Following Directions, and More (School Zone Big Workbook Series)",School Zone,4.8,60501,Non Fiction,6,2021
"Self-Love Workbook for Women: Release Self-Doubt, Build Self-Compassion, and Embrace Who You Are (Self-Help Workbooks for Women)",Megan Logan MSW LCSW,4.7,11921,Non Fiction,10,2021
The 48 Laws of Power,Robert Greene,4.7,38568,Non Fiction,12,2021
The 5 Love Languages: The Secret to Love that Lasts,Gary Chapman,4.8,62463,Non Fiction,8,2021
"The Alchemist, 25th Anniversary: A Fable About Following Your Dream",Paulo Coelho,4.7,71252,Fiction,9,2021
"The Body Keeps the Score: Brain, Mind, and Body in the Healing of Trauma",Bessel van der Kolk M.D.,4.8,44642,Non Fiction,11,2021
"The Boy, the Mole, the Fox and the Horse",Charlie Mackesy,4.8,93749,Fiction,10,2021
The Four Agreements: A Practical Guide to Personal Freedom (A Toltec Wisdom Book),Don Miguel Ruiz,4.7,75798,Non Fiction,8,2021
The Four Winds: A Novel,Kristin Hannah,4.5,96810,Fiction,14,2021
The Hill We Climb: An Inaugural Poem for the Country,Amanda Gorman,4.9,14385,Fiction,10,2021
The Last Thing He Told Me: A Novel,Laura Dave,4.3,77903,Fiction,14,2021
The Midnight Library: A Novel,Matt Haig,4.3,144313,Fiction,13,2021
"The Real Anthony Fauci: Bill Gates, Big Pharma, and the Global War on Democracy and Public Health (Children’s Health Defense)",Robert F. Kennedy Jr.,4.8,14575,Non Fiction,20,2021
The Seven Husbands of Evelyn Hugo: A Novel,Taylor Jenkins Reid,4.6,60969,Fiction,9,2021
The Song of Achilles: A Novel,Madeline Miller,4.7,38186,Fiction,10,2021
The Storyteller: Tales of Life and Music,Dave Grohl,4.8,14463,Non Fiction,18,2021
The Subtle Art of Not Giving a F*ck: A Counterintuitive Approach to Living a Good Life,Mark Manson,4.6,64073,Non Fiction,14,2021
The Very Hungry Caterpillar,Eric Carle,4.9,47260,Fiction,5,2021
The Wonderful Things You Will Be,Emily Winfield Martin,4.9,20920,Fiction,9,2021
They Both Die at the End,Adam Silvera,4.7,22602,Fiction,8,2021
Untamed,Glennon Doyle,4.6,49978,Non Fiction,16,2021
We Were Liars,E. Lockhart,4.5,34117,Fiction,6,2021
Air Fryer Cookbook: 600 Effortless Air Fryer Recipes for Beginners and Advanced Users,Jenson William,4.4,29402,Non Fiction,11,2022
Atlas of the Heart: Mapping Meaningful Connection and the Language of Human Experience,Brené Brown,4.8,7556,Non Fiction,18,2022
Atomic Habits: An Easy & Proven Way to Build Good Habits & Break Bad Ones,James Clear,4.8,73215,Non Fiction,12,2022
"Brown Bear, Brown Bear, What Do You See?",Bill Martin Jr.,4.9,38969,Fiction,5,2022
Burn After Writing (Pink),Sharon Jones,4.6,23146,Non Fiction,7,2022
"From Crook to Cook: Platinum Recipes from Tha Boss Dogg's Kitchen (Snoop Dogg Cookbook, Celebrity Cookbook with Soul Food Recipes) (Snoop Dog x Chronicle Books)",Snoop Dogg,4.8,23735,Non Fiction,13,2022
House of Sky and Breath (Crescent City),Sarah J. Maas,4.8,14327,Fiction,18,2022
How to Catch a Leprechaun,Adam Wallace,4.8,6020,Fiction,10,2022
How to Win Friends & Influence People,Dale Carnegie,4.7,61283,Non Fiction,11,2022
I Love You to the Moon and Back,Amelia Hepworth,4.9,51188,Fiction,4,2022
If Animals Kissed Good Night,Ann Whitford Paul,4.8,63658,Fiction,4,2022
It Ends with Us: A Novel (1),Colleen Hoover,4.7,76137,Fiction,11,2022
Life Force: How New Breakthroughs in Precision Medicine Can Transform the Quality of Your Life & Those You Love,Tony Robbins,4.5,1213,Non Fiction,20,2022
Little Blue Truck's Valentine,Alice Schertle,4.9,6959,Fiction,11,2022
Llama Llama I Love You,Anna Dewdney,4.8,9361,Fiction,5,2022
Maus I: A Survivor's Tale: My Father Bleeds History,Art Spiegelman,4.7,2438,Fiction,14,2022
"My First Learn-to-Write Workbook: Practice for Kids with Pen Control, Line Tracing, Letters, and More!",Crystal Radke,4.8,69801,Non Fiction,5,2022
My Little Golden Book About Betty White,Deborah Hopkinson,4.9,4910,Non Fiction,6,2022
November 9: A Novel,Colleen Hoover,4.7,17592,Fiction,13,2022
Principles for Dealing with the Changing World Order: Why Nations Succeed and Fail,Ray Dalio,4.5,1685,Non Fiction,21,2022
Rand McNally 2022 Large Scale Road Atlas,Rand McNally,4.7,10404,Non Fiction,17,2022
Red-Handed: How American Elites Get Rich Helping China Win,Peter Schweizer,4.8,3366,Non Fiction,18,2022
Reminders of Him: A Novel,Colleen Hoover,4.7,56049,Fiction,13,2022
Rich Dad Poor Dad: What the Rich Teach Their Kids About Money That the Poor and Middle Class Do Not!,Robert T. Kiyosaki,4.7,71078,Non Fiction,7,2022
"Run, Rose, Run: A Novel",James Patterson,4.5,4828,Fiction,18,2022
"School Zone - Big Preschool Workbook - 320 Pages, Ages 3 to 5, Colors, Shapes, Numbers, Early Math, Alphabet, Pre-Writing, Phonics, Following Directions, and More (School Zone Big Workbook Series)",School Zone,4.8,60501,Non Fiction,6,2022
The 1619 Project: A New Origin Story,Nikole Hannah-Jones,4.8,6657,Non Fiction,23,2022
The 48 Laws of Power,Robert Greene,4.7,38568,Non Fiction,12,2022
The 5 Love Languages: The Secret to Love that Lasts,Gary Chapman,4.8,62462,Non Fiction,8,2022
"The Alchemist, 25th Anniversary: A Fable About Following Your Dream",Paulo Coelho,4.7,71252,Fiction,9,2022
"The Body Keeps the Score: Brain, Mind, and Body in the Healing of Trauma",Bessel van der Kolk M.D.,4.8,44642,Non Fiction,11,2022
"The Boy, the Mole, the Fox and the Horse",Charlie Mackesy,4.8,93749,Fiction,10,2022
The Complete Maus: A Survivor's Tale (Pantheon Graphic Library),Art Spiegelman,4.8,5349,Fiction,32,2022
The Four Agreements: A Practical Guide to Personal Freedom (A Toltec Wisdom Book),Don Miguel Ruiz,4.7,75798,Non Fiction,8,2022
The Great Reset: Joe Biden and the Rise of Twenty-First-Century Fascism,Glenn Beck,4.7,3098,Non Fiction,18,2022
The Last Thing He Told Me: A Novel,Laura Dave,4.3,77903,Fiction,14,2022
The Lincoln Highway: A Novel,Amor Towles,4.4,38675,Fiction,18,2022
The Love Hypothesis,Ali Hazelwood,4.6,24858,Fiction,11,2022
The Maid: A Novel,Nita Prose,4.3,17988,Fiction,17,2022
The Midnight Library: A Novel,Matt Haig,4.3,144314,Fiction,13,2022
"The Real Anthony Fauci: Bill Gates, Big Pharma, and the Global War on Democracy and Public Health (Children’s Health Defense)",Robert F. Kennedy Jr.,4.8,14575,Non Fiction,20,2022
The Seven Husbands of Evelyn Hugo: A Novel,Taylor Jenkins Reid,4.6,60969,Fiction,9,2022
The Subtle Art of Not Giving a F*ck: A Counterintuitive Approach to Living a Good Life,Mark Manson,4.6,64073,Non Fiction,14,2022
The Very Hungry Caterpillar,Eric Carle,4.9,47260,Fiction,5,2022
"The Whole Body Reset: Your Weight-Loss Plan for a Flat Belly, Optimum Health & a Body You'll Love at Midlife and Beyond",Stephen Perrine,4.2,206,Non Fiction,20,2022
The Wonderful Things You Will Be,Emily Winfield Martin,4.9,20920,Fiction,9,2022
Ugly Love: A Novel,Colleen Hoover,4.7,33929,Fiction,10,2022
Verity,Colleen Hoover,4.6,71826,Fiction,11,2022
What to Expect When You're Expecting,Heidi Murkoff,4.8,27052,Non Fiction,13,2022
Where the Crawdads Sing,Delia Owens,4.8,208917,Fiction,10,2022
